/*
Navicat MySQL Data Transfer

Source Server         : 本地mysql
Source Server Version : 50622
Source Host           : localhost:3306
Source Database       : dmbase

Target Server Type    : MYSQL
Target Server Version : 50622
File Encoding         : 65001

Date: 2015-12-02 13:44:12
*/

SET FOREIGN_KEY_CHECKS=0;

-- ----------------------------
-- Table structure for cms_attachment
-- ----------------------------
DROP TABLE IF EXISTS `cms_attachment`;
CREATE TABLE `cms_attachment` (
  `id` int(11) DEFAULT NULL COMMENT '主键',
  `attachment_type` smallint(6) DEFAULT NULL COMMENT '附件类型[0:图片，1:文本]',
  `attachment_name` varchar(128) COLLATE utf8_bin NOT NULL COMMENT '附件名称',
  `atachment_url` varchar(256) COLLATE utf8_bin NOT NULL COMMENT '附件地址',
  `file_size` bigint(20) NOT NULL COMMENT '附件大小',
  `create_time` datetime DEFAULT CURRENT_TIMESTAMP COMMENT '创建时间',
  `create_user` int(11) DEFAULT NULL COMMENT '创建用户',
  `update_time` datetime DEFAULT CURRENT_TIMESTAMP ON UPDATE CURRENT_TIMESTAMP COMMENT '更新时间',
  `is_active` bit(1) NOT NULL DEFAULT b'1' COMMENT '是否有效'
) ENGINE=InnoDB DEFAULT CHARSET=utf8 COLLATE=utf8_bin COMMENT='内容管理附件表';

-- ----------------------------
-- Records of cms_attachment
-- ----------------------------

-- ----------------------------
-- Table structure for cms_channel
-- ----------------------------
DROP TABLE IF EXISTS `cms_channel`;
CREATE TABLE `cms_channel` (
  `id` int(11) NOT NULL AUTO_INCREMENT COMMENT '主键',
  `pid` int(11) NOT NULL DEFAULT '0' COMMENT '父频道主键',
  `display_name` varchar(64) COLLATE utf8_bin NOT NULL COMMENT '显示名称',
  `en_name` varchar(32) COLLATE utf8_bin NOT NULL COMMENT '英文标识',
  `site_id` int(11) DEFAULT NULL COMMENT '所属站点id',
  `template_id` int(11) NOT NULL COMMENT '模板id',
  `is_html` bit(1) NOT NULL DEFAULT b'0' COMMENT '是否静态页',
  `seq` int(11) DEFAULT NULL COMMENT '排序',
  `create_time` datetime DEFAULT CURRENT_TIMESTAMP COMMENT '创建时间',
  `create_user` int(11) DEFAULT NULL COMMENT '创建用户',
  `update_time` datetime DEFAULT CURRENT_TIMESTAMP ON UPDATE CURRENT_TIMESTAMP COMMENT '更新时间',
  PRIMARY KEY (`id`),
  UNIQUE KEY `AK_Key_2` (`en_name`)
) ENGINE=InnoDB AUTO_INCREMENT=6 DEFAULT CHARSET=utf8 COLLATE=utf8_bin COMMENT='频道信息表';

-- ----------------------------
-- Records of cms_channel
-- ----------------------------
INSERT INTO `cms_channel` VALUES ('1', '0', '新闻频道', 'news', '1', '3', '\0', '1', '2015-11-25 23:48:52', null, '2015-11-29 18:47:44');
INSERT INTO `cms_channel` VALUES ('2', '1', '焦点新闻', 'focous', '1', '3', '\0', '2', '2015-11-26 22:31:45', null, '2015-11-29 18:47:49');

-- ----------------------------
-- Table structure for cms_comment
-- ----------------------------
DROP TABLE IF EXISTS `cms_comment`;
CREATE TABLE `cms_comment` (
  `id` int(11) NOT NULL COMMENT '主键',
  `comment_text` varchar(256) COLLATE utf8_bin NOT NULL COMMENT '评论内容',
  `content_id` int(11) NOT NULL COMMENT '内容id',
  `comment_time` datetime DEFAULT NULL COMMENT '评论时间',
  `comment_user_id` int(11) DEFAULT NULL COMMENT '评论用户id',
  `comment_user_name` varchar(64) COLLATE utf8_bin DEFAULT NULL COMMENT '评论用户名称',
  `create_time` datetime DEFAULT CURRENT_TIMESTAMP COMMENT '创建时间',
  `create_user` int(11) DEFAULT NULL COMMENT '创建用户',
  `update_time` datetime DEFAULT CURRENT_TIMESTAMP ON UPDATE CURRENT_TIMESTAMP COMMENT '更新时间',
  `is_active` bit(1) NOT NULL DEFAULT b'1' COMMENT '是否有效',
  PRIMARY KEY (`id`)
) ENGINE=InnoDB DEFAULT CHARSET=utf8 COLLATE=utf8_bin COMMENT='评论信息表';

-- ----------------------------
-- Records of cms_comment
-- ----------------------------

-- ----------------------------
-- Table structure for cms_content
-- ----------------------------
DROP TABLE IF EXISTS `cms_content`;
CREATE TABLE `cms_content` (
  `id` int(11) NOT NULL AUTO_INCREMENT COMMENT '主键',
  `title` varchar(64) COLLATE utf8_bin NOT NULL COMMENT '标题',
  `title_image_url` varchar(256) COLLATE utf8_bin DEFAULT NULL COMMENT '标题图url',
  `title_image_illustrate` varchar(256) COLLATE utf8_bin DEFAULT NULL COMMENT '标题图说明',
  `brief` varchar(512) COLLATE utf8_bin DEFAULT NULL COMMENT '摘要',
  `content_type` int(11) NOT NULL DEFAULT '0' COMMENT '内容类型[0:默认文本]',
  `content_text` longtext COLLATE utf8_bin COMMENT '内容文本',
  `author` varchar(64) COLLATE utf8_bin DEFAULT NULL COMMENT '作者',
  `publish_date` datetime DEFAULT NULL COMMENT '发布时间',
  `channel_id` int(11) DEFAULT NULL COMMENT '频道id',
  `template_id` int(11) NOT NULL COMMENT '模板id',
  `is_html` bit(1) NOT NULL DEFAULT b'0' COMMENT '是否静态页',
  `create_time` datetime DEFAULT CURRENT_TIMESTAMP COMMENT '创建时间',
  `create_user` int(11) DEFAULT NULL COMMENT '创建用户',
  `update_time` datetime DEFAULT CURRENT_TIMESTAMP ON UPDATE CURRENT_TIMESTAMP COMMENT '更新时间',
  `status` smallint(6) NOT NULL DEFAULT '0' COMMENT '状态[0:未发布 1:已发布 2:已退回]',
  PRIMARY KEY (`id`)
) ENGINE=InnoDB AUTO_INCREMENT=3 DEFAULT CHARSET=utf8 COLLATE=utf8_bin COMMENT='内容信息表';

-- ----------------------------
-- Records of cms_content
-- ----------------------------
INSERT INTO `cms_content` VALUES ('2', '习近平:把脱贫攻坚实绩作为选拔任用干部的重要依据', null, null, '习近平:把脱贫攻坚实绩作为选拔任用干部的重要依据', '0', 0x3C70207374796C653D22746578742D696E64656E743A32656D3B223E0D0A09E5A4AEE5B9BFE7BD91E58C97E4BAAC3131E69C883239E697A5E6B688E681AFEFBC88E8AEB0E88085200D0AE58898E4B990EFBC89E68DAEE4B8ADE59BBDE4B98BE5A3B0E3808AE696B0E997BBE5928CE68AA5E7BAB8E69198E8A681E3808BE68AA5E98193EFBC8CE4B8ADE5A4AEE689B6E8B4ABE5BC80E58F91E5B7A5E4BD9CE4BC9AE8AEAE3131E69C883237E58FB7E588B03238E58FB7E59CA8E4BAACE58FACE5BC80E38082E4B8ADE585B1E4B8ADE5A4AEE680BBE4B9A6E8AEB0E38081E59BBDE5AEB6E4B8BBE5B8ADE38081E4B8ADE5A4AEE5869BE5A794E4B8BBE5B8ADE4B9A0E8BF91E5B9B3E587BAE5B8ADE4BC9AE8AEAEE5B9B60D0AE58F91E8A1A8E9878DE8A681E8AEB2E8AF9DE38082E4BB96E5BCBAE8B083EFBC8CE884B1E8B4ABE694BBE59D9AE68898E79A84E586B2E9948BE58FB7E5B7B2E7BB8FE590B9E5938DE38082E68891E4BBACE8A681E7AB8BE4B88BE6849AE585ACE7A7BBE5B1B1E5BF97EFBC8CE592ACE5AE9AE79BAEE6A087E38081E88BA6E5B9B2E5AE9EE5B9B2EFBC8CE59D9AE586B3E68993E8B5A2E884B1E8B4ABE694BBE59D9AE68898EFBC8CE7A1AEE4BF9DE588B032303230E5B9B4E68980E69C89E8B4ABE59BB0E59CB0E58CBAE5928CE8B4AB0D0AE59BB0E4BABAE58FA3E4B880E98193E8BF88E585A5E585A8E99DA2E5B08FE5BAB7E7A4BEE4BC9AE380820D0A3C2F703E0D0A3C70207374796C653D22746578742D696E64656E743A32656D3B223E0D0A09E4B8ADE585B1E4B8ADE5A4AEE694BFE6B2BBE5B180E5B8B8E5A794E38081E59BBDE58AA1E999A2E680BBE79086E69D8EE5858BE5BCBAE59CA8E4BC9AE4B88AE8AEB2E8AF9DE38082E4B8ADE585B1E4B8ADE5A4AEE694BFE6B2BBE5B180E5B8B8E5A794E5BCA0E5BEB7E6B19FE38081E4BF9EE6ADA3E5A3B0E38081E58898E4BA91E5B1B1E38081E78E8BE5B290E5B1B1E38081E5BCA0E9AB98E4B8BDE587BAE5B8ADE4BC9AE8AEAEE380820D0A3C2F703E0D0A3C70207374796C653D22746578742D696E64656E743A32656D3B223E0D0A09E4B9A0E8BF91E5B9B3E59CA8E8AEB2E8AF9DE4B8ADE5BCBAE8B083EFBC8CE5859AE79A84E58D81E585ABE5B18AE4BA94E4B8ADE585A8E4BC9AE4BB8EE5AE9EE78EB0E585A8E99DA2E5BBBAE68890E5B08FE5BAB7E7A4BEE4BC9AE5A58BE69697E79BAEE6A087E587BAE58F91EFBC8CE6988EE7A1AEE588B032303230E5B9B4E68891E59BBDE78EB0E8A18CE6A087E58786E4B88BE5869CE69D91E8B4ABE59BB0E4BABAE58FA3E5AE9EE78EB0E884B1E8B4ABEFBC8CE8B4ABE59BB0E58EBFE585A80D0AE983BDE69198E5B8BDEFBC8CE8A7A3E586B3E58CBAE59F9FE680A7E695B4E4BD93E8B4ABE59BB0E38082E4BC9AE8AEAEE79A84E4B8BBE8A681E4BBBBE58AA1E698AFEFBC8CE8B4AFE5BDBBE890BDE5AE9EE5859AE79A84E58D81E585ABE5B18AE4BA94E4B8ADE585A8E4BC9AE7B2BEE7A59EEFBC8CE58886E69E90E585A8E99DA2E5BBBAE68890E5B08FE5BAB7E7A4BEE4BC9AE8BF9BE585A5E586B3E8839CE998B6E6AEB5E884B1E8B4ABE694BBE59D9AE99DA2E4B8B4E79A84E5BDA2E58ABFE5928CE4BBBBE58AA1EFBC8CE5AFB9E5BD93E5898DE5928C0D0AE4BB8AE5908EE4B880E4B8AAE697B6E69C9FE884B1E8B4ABE694BBE59D9AE4BBBBE58AA1E4BD9CE587BAE983A8E7BDB2EFBC8CE58AA8E59198E585A8E5859AE585A8E59BBDE585A8E7A4BEE4BC9AE58A9BE9878FEFBC8CE9BD90E5BF83E58D8FE58A9BE68993E8B5A2E884B1E8B4ABE694BBE59D9AE68898E380820D0A3C2F703E0D0A3C70207374796C653D22746578742D696E64656E743A32656D3B223E0D0A09E4B9A0E8BF91E5B9B3EFBC9AE696B0E4B8ADE59BBDE68890E7AB8BE4BBA5E69DA5EFBC8CE68891E4BBACE5859AE5B8A6E9A286E4BABAE6B091E68C81E7BBADE59091E8B4ABE59BB0E5AEA3E68898E38082E7BB8FE8BF87E694B9E99DA9E5BC80E694BE3337E5B9B4E69DA5E79A84E58AAAE58A9BEFBC8CE68891E4BBACE68890E58A9FE8B5B0E587BAE4BA86E4B880E69DA1E4B8ADE59BBDE789B9E889B2E689B6E8B4ABE5BC80E58F91E98193E8B7AFEFBC8CE4BDBF37E4BABFE5A49AE5869CE69D910D0AE8B4ABE59BB0E4BABAE58FA3E68890E58A9FE884B1E8B4ABEFBC8CE4B8BAE585A8E99DA2E5BBBAE68890E5B08FE5BAB7E7A4BEE4BC9AE68993E4B88BE4BA86E59D9AE5AE9EE59FBAE7A180E38082E68891E59BBDE68890E4B8BAE4B896E7958CE4B88AE5878FE8B4ABE4BABAE58FA3E69C80E5A49AE79A84E59BBDE5AEB6EFBC8CE4B99FE698AFE4B896E7958CE4B88AE78E87E58588E5AE8CE68890E88194E59088E59BBDE58D83E5B9B4E58F91E5B195E79BAEE6A087E79A84E59BBDE5AEB6E38082E8BF99E4B8AAE68890E5B0B1EFBC8CE8B6B3E4BBA50D0AE8BDBDE585A5E4BABAE7B1BBE7A4BEE4BC9AE58F91E5B195E58FB2E5868CEFBC8CE4B99FE8B6B3E4BBA5E59091E4B896E7958CE8AF81E6988EE4B8ADE59BBDE585B1E4BAA7E5859AE9A286E5AFBCE5928CE4B8ADE59BBDE789B9E889B2E7A4BEE4BC9AE4B8BBE4B989E588B6E5BAA6E79A84E4BC98E8B68AE680A7E380820D0A3C2F703E0D0A3C70207374796C653D22746578742D696E64656E743A32656D3B223E0D0A09E4B9A0E8BF91E5B9B3E5BCBAE8B083EFBC8CE68891E4BBACE8A681E6B885E98692E8AEA4E8AF86E588B0EFBC8CE5BD93E5898DE68891E59BBDE884B1E8B4ABE694BBE59D9AE5BDA2E58ABFE4BE9DE784B6E4B8A5E5B3BBE38082E688AAE887B3E58EBBE5B9B4E5BA95EFBC8CE585A8E59BBDE4BB8DE69C8937303030E5A49AE4B887E5869CE69D91E8B4ABE59BB0E4BABAE58FA3E38082E2809CE58D81E4B889E4BA94E2809DE69C9FE997B4E884B1E8B4ABE694BBE59D9AE79A84E79BAEE6A0870D0AE698AFEFBC8CE588B032303230E5B9B4E7A8B3E5AE9AE5AE9EE78EB0E5869CE69D91E8B4ABE59BB0E4BABAE58FA3E4B88DE68481E59083E38081E4B88DE68481E7A9BFEFBC8CE5869CE69D91E8B4ABE59BB0E4BABAE58FA3E4B989E58AA1E69599E882B2E38081E59FBAE69CACE58CBBE79697E38081E4BD8FE688BFE5AE89E585A8E69C89E4BF9DE99A9CEFBC9BE5908CE697B6E5AE9EE78EB0E8B4ABE59BB0E59CB0E58CBAE5869CE6B091E4BABAE59D87E58FAFE694AFE9858DE694B6E585A5E5A29EE995BFE5B985E5BAA6E9AB980D0AE4BA8EE585A8E59BBDE5B9B3E59D87E6B0B4E5B9B3E38081E59FBAE69CACE585ACE585B1E69C8DE58AA1E4B8BBE8A681E9A286E59F9FE68C87E6A087E68EA5E8BF91E585A8E59BBDE5B9B3E59D87E6B0B4E5B9B3E380820D0A3C2F703E0D0A3C70207374796C653D22746578742D696E64656E743A32656D3B223E0D0A09E4B9A0E8BF91E5B9B3EFBC9AE884B1E8B4ABE694BBE59D9AE5B7B2E7BB8FE588B0E4BA86E59583E7A1ACE9AAA8E5A4B4E38081E694BBE59D9AE68B94E5AFA8E79A84E586B2E588BAE998B6E6AEB5EFBC8CE5BF85E9A1BBE4BBA5E69BB4E5A4A7E79A84E586B3E5BF83E38081E69BB4E6988EE7A1AEE79A84E6809DE8B7AFE38081E69BB4E7B2BEE58786E79A84E4B8BEE68EAAE38081E8B685E5B8B8E8A784E79A84E58A9BE5BAA6EFBC8CE4BC97E5BF97E68890E59F8EE5AE9EE78EB0E884B1E8B4ABE694BBE59D9AE79BAEE6A087EFBC8CE586B3E4B88DE883BDE890BDE4B88BE4B880E4B8AAE8B4ABE59BB0E59CB0E58CBAE38081E4B880E4B8AAE8B4ABE59BB0E7BEA4E4BC97E380820D0A3C2F703E0D0A3C70207374796C653D22746578742D696E64656E743A32656D3B223E0D0A09E4B9A0E8BF91E5B9B3E68C87E587BAEFBC8CE8A681E59D9AE68C81E7B2BEE58786E689B6E8B4ABE38081E7B2BEE58786E884B1E8B4ABEFBC8CE9878DE59CA8E68F90E9AB98E884B1E8B4ABE694BBE59D9AE68890E69588E38082E585B3E994AEE698AFE8A681E689BEE58786E8B7AFE5AD90E38081E69E84E5BBBAE5A5BDE79A84E4BD93E588B6E69CBAE588B6EFBC8CE59CA8E7B2BEE58786E696BDE7AD96E4B88AE587BAE5AE9EE68B9BE38081E59CA8E7B2BEE58786E68EA8E8BF9BE4B88AE4B88BE5AE9E0D0AE58A9FE38081E59CA8E7B2BEE58786E890BDE59CB0E4B88AE8A781E5AE9EE69588E38082E8A681E8A7A3E586B3E5A5BDE2809CE689B6E68C81E8B081E2809DE79A84E997AEE9A298EFBC8CE7A1AEE4BF9DE68A8AE79C9FE6ADA3E79A84E8B4ABE59BB0E4BABAE58FA3E5BC84E6B885E6A59AEFBC8CE68A8AE8B4ABE59BB0E4BABAE58FA3E38081E8B4ABE59BB0E7A88BE5BAA6E38081E887B4E8B4ABE58E9FE59BA0E7AD89E6909EE6B885E6A59AEFBC8CE4BBA5E4BEBFE5819AE588B0E59BA0E688B7E696BDE7AD96E38081E59BA0E4BABAE696BD0D0AE7AD96E38082E8A681E8A7A3E586B3E5A5BDE2809CE8B081E69DA5E689B6E2809DE79A84E997AEE9A298EFBC8CE58AA0E5BFABE5BDA2E68890E4B8ADE5A4AEE7BB9FE7ADB9E38081E79C81EFBC88E887AAE6B2BBE58CBAE38081E79BB4E8BE96E5B882EFBC89E8B49FE680BBE8B4A3E38081E5B882EFBC88E59CB0EFBC89E58EBFE68A93E890BDE5AE9EE79A84E689B6E8B4ABE5BC80E58F91E5B7A5E4BD9CE69CBAE588B6EFBC8CE5819AE588B0E58886E5B7A5E6988EE7A1AEE38081E8B4A3E4BBBBE6B885E699B0E38081E4BBBBE58AA1E588B00D0AE4BABAE38081E88083E6A0B8E588B0E4BD8DE380820D0A3C2F703E0D0A3C70207374796C653D22746578742D696E64656E743A32656D3B223E0D0A09E4B9A0E8BF91E5B9B3E5BCBAE8B083EFBC8CE8A681E8A7A3E586B3E5A5BDE2809CE6808EE4B988E689B6E2809DE79A84E997AEE9A298EFBC8CE68C89E785A7E8B4ABE59BB0E59CB0E58CBAE5928CE8B4ABE59BB0E4BABAE58FA3E79A84E585B7E4BD93E68385E586B5EFBC8CE5AE9EE696BDE2809CE4BA94E4B8AAE4B880E689B9E2809DE5B7A5E7A88BE38082E4B880E698AFE58F91E5B195E7949FE4BAA7E884B1E8B4ABE4B880E689B9EFBC8CE5BC95E5AFBCE5928CE694AFE68C81E68980E69C89E69C89E58AB30D0AE58AA8E883BDE58A9BE79A84E4BABAE4BE9DE99DA0E887AAE5B7B1E79A84E58F8CE6898BE5BC80E5889BE7BE8EE5A5BDE6988EE5A4A9EFBC8CE7AB8BE8B6B3E5BD93E59CB0E8B584E6BA90EFBC8CE5AE9EE78EB0E5B0B1E59CB0E884B1E8B4ABE38082E4BA8CE698AFE69893E59CB0E690ACE8BF81E884B1E8B4ABE4B880E689B9EFBC8CE8B4ABE59BB0E4BABAE58FA3E5BE88E99ABEE5AE9EE78EB0E5B0B1E59CB0E884B1E8B4ABE79A84E8A681E5AE9EE696BDE69893E59CB0E690ACE8BF81EFBC8CE68C89E8A784E58892E38081E58886E5B9B40D0AE5BAA6E38081E69C89E8AEA1E58892E7BB84E7BB87E5AE9EE696BDEFBC8CE7A1AEE4BF9DE690ACE5BE97E587BAE38081E7A8B3E5BE97E4BD8FE38081E883BDE887B4E5AF8CE38082E4B889E698AFE7949FE68081E8A1A5E581BFE884B1E8B4ABE4B880E689B9EFBC8CE58AA0E5A4A7E8B4ABE59BB0E59CB0E58CBAE7949FE68081E4BF9DE68AA4E4BFAEE5A48DE58A9BE5BAA6EFBC8CE5A29EE58AA0E9878DE782B9E7949FE68081E58A9FE883BDE58CBAE8BDACE7A7BBE694AFE4BB98EFBC8CE689A9E5A4A7E694BFE7AD96E5AE9EE696BDE88C830D0AE59BB4EFBC8CE8AEA9E69C89E58AB3E58AA8E883BDE58A9BE79A84E8B4ABE59BB0E4BABAE58FA3E5B0B1E59CB0E8BDACE68890E68AA4E69E97E59198E7AD89E7949FE68081E4BF9DE68AA4E4BABAE59198E38082E59B9BE698AFE58F91E5B195E69599E882B2E884B1E8B4ABE4B880E689B9EFBC8CE6B2BBE8B4ABE58588E6B2BBE6849AEFBC8CE689B6E8B4ABE58588E689B6E699BAEFBC8CE59BBDE5AEB6E69599E882B2E7BB8FE8B4B9E8A681E7BBA7E7BBADE59091E8B4ABE59BB0E59CB0E58CBAE580BEE6969CE38081E59091E59FBAE7A180E695990D0AE882B2E580BEE6969CE38081E59091E8818CE4B89AE69599E882B2E580BEE6969CEFBC8CE5B8AEE58AA9E8B4ABE59BB0E59CB0E58CBAE694B9E59684E58A9EE5ADA6E69DA1E4BBB6EFBC8CE5AFB9E5869CE69D91E8B4ABE59BB0E5AEB6E5BAADE5B9BCE584BFE789B9E588ABE698AFE79599E5AE88E584BFE7ABA5E7BB99E4BA88E789B9E6AE8AE585B3E788B1E38082E4BA94E698AFE7A4BEE4BC9AE4BF9DE99A9CE5859CE5BA95E4B880E689B9EFBC8CE5AFB9E8B4ABE59BB0E4BABAE58FA3E4B8ADE5AE8CE585A8E68896E983A8E58886E4B8A7E5A4B10D0AE58AB3E58AA8E883BDE58A9BE79A84E4BABAEFBC8CE794B1E7A4BEE4BC9AE4BF9DE99A9CE69DA5E5859CE5BA95EFBC8CE7BB9FE7ADB9E58D8FE8B083E5869CE69D91E689B6E8B4ABE6A087E58786E5928CE5869CE69D91E4BD8EE4BF9DE6A087E58786EFBC8CE58AA0E5A4A7E585B6E4BB96E5BDA2E5BC8FE79A84E7A4BEE4BC9AE69591E58AA9E58A9BE5BAA6E38082E8A681E58AA0E5BCBAE58CBBE79697E4BF9DE999A9E5928CE58CBBE79697E69591E58AA9EFBC8CE696B0E59E8BE5869CE69D91E59088E4BD9CE58CBBE79697E5928CE5A4A7E797850D0AE4BF9DE999A9E694BFE7AD96E8A681E5AFB9E8B4ABE59BB0E4BABAE58FA3E580BEE6969CE38082E8A681E9AB98E5BAA6E9878DE8A786E99DA9E591BDE88081E58CBAE884B1E8B4ABE694BBE59D9AE5B7A5E4BD9CE380820D0A3C2F703E0D0A3C70207374796C653D22746578742D696E64656E743A32656D3B223E0D0A09E4B9A0E8BF91E5B9B3E68C87E587BAEFBC8CE7B2BEE58786E689B6E8B4ABE698AFE4B8BAE4BA86E7B2BEE58786E884B1E8B4ABE380820D0A3C2F703E0D0A3C70207374796C653D22746578742D696E64656E743A32656D3B223E0D0A09E4B9A0E8BF91E5B9B3EFBC9AE8A681E8AEBEE5AE9AE697B6E997B4E8A1A8EFBC8CE5AE9EE78EB0E69C89E5BA8FE98080E587BAEFBC8CE697A2E8A681E998B2E6ADA2E68B96E5BBB6E79785EFBC8CE58F88E8A681E998B2E6ADA2E680A5E8BA81E79787E38082E8A681E79599E587BAE7BC93E586B2E69C9FEFBC8CE59CA8E4B880E5AE9AE697B6E997B4E58685E5AE9EE8A18CE69198E5B8BDE4B88DE69198E694BFE7AD96E38082E8A681E5AE9EE8A18CE4B8A5E6A0BCE8AF84E4BCB0EFBC8CE68C89E785A7E69198E5B8BDE6A087E58786E9AA8CE694B6E38082E8A681E5AE9EE8A18CE98090E688B7E99480E58FB7EFBC8CE5819AE588B0E884B1E8B4ABE588B0E4BABAEFBC8CE884B1E6B2A1E884B1E8B4ABE8A681E5908CE7BEA4E4BC97E4B880E8B5B7E7AE97E8B4A6EFBC8CE8A681E7BEA4E4BC97E8AEA4E8B4A6E380820D0A3C2F703E0D0A3C70207374796C653D22746578742D696E64656E743A32656D3B223E0D0A09E4B9A0E8BF91E5B9B3E5BCBAE8B083EFBC8CE8B68AE698AFE8BF9BE8A18CE884B1E8B4ABE694BBE59D9AE68898EFBC8CE8B68AE698AFE8A681E58AA0E5BCBAE5928CE694B9E59684E5859AE79A84E9A286E5AFBCE38082E884B1E8B4ABE694BBE59D9AE4BBBBE58AA1E9878DE79A84E59CB0E58CBAE5859AE5A794E5928CE694BFE5BA9CE8A681E68A8AE884B1E8B4ABE694BBE59D9AE4BD9CE4B8BAE2809CE58D81E4B889E4BA94E2809DE69C9FE997B4E5A4B4E7AD89E5A4A7E4BA8BE5928CE7ACACE4B880E6B0910D0AE7949FE5B7A5E7A88BE69DA5E68A93EFBC8CE59D9AE68C81E4BBA5E884B1E8B4ABE694BBE59D9AE7BB9FE68FBDE7BB8FE6B58EE7A4BEE4BC9AE58F91E5B195E585A8E5B180E38082E8A681E5B182E5B182E7ADBEE8AEA2E884B1E8B4ABE694BBE59D9AE8B4A3E4BBBBE4B9A6E38081E7AB8BE4B88BE5869BE4BBA4E78AB6E38082E8A681E5BBBAE7AB8BE5B9B4E5BAA6E884B1E8B4ABE694BBE59D9AE68AA5E5918AE5928CE79DA3E5AF9FE588B6E5BAA6EFBC8CE58AA0E5BCBAE79DA3E5AF9FE997AEE8B4A3E38082E8A681E68A8AE884B1E8B4ABE694BB0D0AE59D9AE5AE9EE7BBA9E4BD9CE4B8BAE98089E68B94E4BBBBE794A8E5B9B2E983A8E79A84E9878DE8A681E4BE9DE68DAEEFBC8CE59CA8E884B1E8B4ABE694BBE59D9AE7ACACE4B880E7BABFE88083E5AF9FE8AF86E588ABE5B9B2E983A8EFBC8CE6BF80E58AB1E59084E7BAA7E5B9B2E983A8E588B0E884B1E8B4ABE694BBE59D9AE68898E59CBAE4B88AE5A4A7E698BEE8BAABE6898BE38082E8A681E68A8AE5A4AFE5AE9EE5869CE69D91E59FBAE5B182E5859AE7BB84E7BB87E5908CE884B1E8B4ABE694BBE59D9AE69C89E69CBAE7BB93E59088E8B5B70D0AE69DA5EFBC8CE98089E5A5BDE4B880E68A8AE6898BE38081E9858DE5BCBAE9A286E5AFBCE78FADE5AD90E380820D0A3C2F703E0D0A3C70207374796C653D22746578742D696E64656E743A32656D3B223E0D0A09E4B9A0E8BF91E5B9B3E68C87E587BAEFBC8CE689B6E8B4ABE5BC80E58F91E68A95E585A5E58A9BE5BAA6EFBC8CE8A681E5908CE68993E8B5A2E884B1E8B4ABE694BBE59D9AE68898E79A84E8A681E6B182E79BB8E58CB9E9858DE380820D0A3C2F703E0D0A3C70207374796C653D22746578742D696E64656E743A32656D3B223E0D0A09E4B9A0E8BF91E5B9B3EFBC9AE4B8ADE5A4AEE8B4A2E694BFE4B893E9A1B9E689B6E8B4ABE8B584E98791E38081E4B8ADE5A4AEE59FBAE5BBBAE68A95E8B584E794A8E4BA8EE689B6E8B4ABE79A84E8B584E98791E7AD89EFBC8CE5A29EE995BFE5B985E5BAA6E8A681E4BD93E78EB0E58AA0E5A4A7E884B1E8B4ABE694BBE59D9AE58A9BE5BAA6E79A84E8A681E6B182E38082E4B8ADE5A4AEE8B4A2E694BFE4B880E888ACE680A7E8BDACE7A7BBE694AFE4BB98E38081E59084E7B1BBE6B689E58F8AE6B091E7949F0D0AE79A84E4B893E9A1B9E8BDACE7A7BBE694AFE4BB98EFBC8CE8A681E8BF9BE4B880E6ADA5E59091E8B4ABE59BB0E59CB0E58CBAE580BEE6969CE38082E79C81E7BAA7E8B4A2E694BFE38081E5AFB9E58FA3E689B6E8B4ABE79A84E4B89CE983A8E59CB0E58CBAE8A681E79BB8E5BA94E5A29EE58AA0E689B6E8B4ABE8B584E98791E68A95E585A5E38082E8A681E58AA0E5A4A7E689B6E8B4ABE8B584E98791E695B4E59088E58A9BE5BAA6E38082E8A681E5819AE5A5BDE98791E89E8DE689B6E8B4ABE8BF99E7AF87E69687E7ABA0EFBC8CE58AA0E5BFAB0D0AE5869CE69D91E98791E89E8DE694B9E99DA9E5889BE696B0E6ADA5E4BC90E38082E8A681E58AA0E5BCBAE689B6E8B4ABE8B584E98791E998B3E58589E58C96E7AEA1E79086EFBC8CE99B86E4B8ADE695B4E6B2BBE5928CE69FA5E5A484E689B6E8B4ABE9A286E59F9FE79A84E8818CE58AA1E78AAFE7BDAAEFBC8CE5AFB9E68CA4E58DA0E68CAAE794A8E38081E5B182E5B182E688AAE79599E38081E8999AE68AA5E58692E9A286E38081E68CA5E99C8DE6B5AAE8B4B9E689B6E8B4ABE8B584E98791E79A84E8A681E4BB8EE4B8A5E683A9E5A484E380820D0A3C2F703E0D0A3C70207374796C653D22746578742D696E64656E743A32656D3B223E0D0A09E4B9A0E8BF91E5B9B3E5BCBAE8B083EFBC8CE884B1E8B4ABE887B4E5AF8CE7BB88E7A9B6E8A681E99DA0E8B4ABE59BB0E7BEA4E4BC97E794A8E887AAE5B7B1E79A84E8BE9BE58BA4E58AB3E58AA8E69DA5E5AE9EE78EB0E38082E6B2A1E69C89E6AF94E4BABAE69BB4E9AB98E79A84E5B1B1EFBC8CE6B2A1E69C89E6AF94E8849AE69BB4E995BFE79A84E8B7AFE38082E8A681E9878DE8A786E58F91E68CA5E5B9BFE5A4A7E59FBAE5B182E5B9B2E983A8E7BEA4E4BC97E79A84E9A696E5889BE7B2BEE7A59EEFBC8CE8AEA9E4BB96E4BBACE79A84E5BF83E783ADE8B5B7E69DA5E38081E8A18CE58AA8E8B5B7E69DA5EFBC8CE99DA0E8BE9BE58BA4E58AB3E58AA8E694B9E58F98E8B4ABE59BB0E890BDE5908EE99DA2E8B28CE38082E8A681E58AA8E59198E585A8E7A4BEE4BC9AE58A9BE9878FE5B9BFE6B39BE58F82E4B88EE689B6E8B4ABE4BA8BE4B89AE380820D0A3C2F703E0D0A3C70207374796C653D22746578742D696E64656E743A32656D3B223E0D0A09E69D8EE5858BE5BCBAE59CA8E8AEB2E8AF9DE4B8ADE68C87E587BAEFBC8CE68993E8B5A2E884B1E8B4ABE694BBE59D9AE68898E698AFE5AE9EE78EB0E585A8E99DA2E5BBBAE68890E5B08FE5BAB7E7A4BEE4BC9AE79BAEE6A087E79A84E9878DE5A4A7E4BBBBE58AA1E38082E8A681E79D80E58A9BE5A29EE5BCBAE99B86E4B8ADE8BF9EE78987E789B9E59BB0E59CB0E58CBAE58F91E5B195E883BDE58A9BEFBC8CE59BBDE5AEB6E2809CE58D81E4B889E4BA94E2809DE8A784E58892E4B8ADE7A1AEE5AE9AE79A840D0AE4BAA4E9809AE38081E6B0B4E588A9E38081E794B5E58A9BE38081E4BFA1E681AFE7AD89E9878DE5A4A7E59FBAE7A180E8AEBEE696BDE9A1B9E79BAEE5928CE9878DE5A4A7E7949FE68081E5B7A5E7A88BE8A681E59091E8BF99E4BA9BE59CB0E58CBAE580BEE6969CE38082E8A681E58F91E68CA5E5A5BDE696B0E59E8BE59F8EE99587E58C96E5928CE5869CE4B89AE78EB0E4BBA3E58C96E5AFB9E884B1E8B4ABE79A84E8BE90E5B084E5B8A6E58AA8E4BD9CE794A8E38082E8A681E4BBA5E7B2BEE58786E5B8AEE689B6E4BF83E8BF9BE8B4ABE59BB00D0AE59CB0E58CBAE6B091E7949FE694B9E59684E38082E58AA0E5BCBAE69599E882B2E689B6E8B4ABEFBC8CE5AFB9E8B4ABE59BB0E5AEB6E5BAADE79A84E9AB98E4B8ADE5ADA6E7949FEFBC8CE8A681E585A8E983A8E5858DE999A4E5ADA6E69D82E8B4B9EFBC8CE689A9E5A4A7E9878DE782B9E9AB98E6A0A1E99DA2E59091E8B4ABE59BB0E59CB0E58CBAE5AE9AE59091E68B9BE7949FE8AEA1E58892E38082E58AA0E5BFABE68EA8E8BF9BE8B4ABE59BB0E59CB0E58CBAE5869CE69D91E58DB1E688BFE694B9E980A0E38082E68A8AE5AE8CE585A8E688960D0AE983A8E58886E4B8A7E5A4B1E58AB3E58AA8E883BDE58A9BE79A84E8B4ABE59BB0E4BABAE58FA3E585A8E983A8E7BAB3E585A5E5869CE69D91E4BD8EE4BF9DE380820D0A3C2F703E0D0A3C70207374796C653D22746578742D696E64656E743A32656D3B223E0D0A09E4BC9AE8AEAEE69C9FE997B4EFBC8CE4B8ADE8A5BFE983A83232E4B8AAE79C81E58CBAE5B882E5859AE694BFE4B8BBE8A681E8B49FE8B4A3E5908CE5BF97E59091E4B8ADE5A4AEE7ADBEE7BDB2E884B1E8B4ABE694BBE59D9AE8B4A3E4BBBBE4B9A6E38082E6B19FE8A5BFE38081E5B9BFE8A5BFE38081E8B4B5E5B79EE38081E8A5BFE8978FE38081E79498E88283E38081E696B0E79686E7AD8936E4B8AAE79C81E58CBAE79A84E8B49FE8B4A3E5908CE5BF97E4BD9CE5A4A7E4BC9AE58F91E8A880E380820D0A3C2F703E0D0A3C70207374796C653D22746578742D696E64656E743A32656D3B223E0D0A093C6272202F3E0D0A3C2F703E, null, null, null, '4', '\0', '2015-11-29 18:42:24', null, '2015-11-29 18:47:15', '0');

-- ----------------------------
-- Table structure for cms_content_attachment
-- ----------------------------
DROP TABLE IF EXISTS `cms_content_attachment`;
CREATE TABLE `cms_content_attachment` (
  `content_id` int(11) NOT NULL COMMENT '内容主键',
  `attachment_id` int(11) NOT NULL COMMENT '附件主键',
  UNIQUE KEY `AK_Key_1` (`content_id`,`attachment_id`)
) ENGINE=InnoDB DEFAULT CHARSET=latin1 COMMENT='内容附件关联表';

-- ----------------------------
-- Records of cms_content_attachment
-- ----------------------------

-- ----------------------------
-- Table structure for cms_site
-- ----------------------------
DROP TABLE IF EXISTS `cms_site`;
CREATE TABLE `cms_site` (
  `id` int(11) NOT NULL AUTO_INCREMENT COMMENT '主键',
  `display_name` varchar(64) CHARACTER SET utf8 NOT NULL COMMENT '显示名称',
  `domain` varchar(64) COLLATE utf8_bin NOT NULL COMMENT '访问标识',
  `template_id` int(11) DEFAULT NULL COMMENT '模板id',
  `is_html` bit(1) NOT NULL DEFAULT b'0' COMMENT '是否生成静态页',
  `create_time` datetime DEFAULT CURRENT_TIMESTAMP COMMENT '创建时间',
  `create_user` int(11) DEFAULT NULL COMMENT '创建用户',
  `update_time` datetime DEFAULT CURRENT_TIMESTAMP ON UPDATE CURRENT_TIMESTAMP COMMENT '更新时间',
  PRIMARY KEY (`id`),
  UNIQUE KEY `AK_Key_2` (`domain`)
) ENGINE=InnoDB AUTO_INCREMENT=3 DEFAULT CHARSET=utf8 COLLATE=utf8_bin COMMENT='站点信息表';

-- ----------------------------
-- Records of cms_site
-- ----------------------------
INSERT INTO `cms_site` VALUES ('1', '太极计算机股份有限公司', 'taiji', '2', '\0', '2015-11-23 11:54:48', null, '2015-11-29 15:27:44');

-- ----------------------------
-- Table structure for cms_template
-- ----------------------------
DROP TABLE IF EXISTS `cms_template`;
CREATE TABLE `cms_template` (
  `id` int(11) NOT NULL AUTO_INCREMENT COMMENT '主键',
  `template_name` varchar(64) COLLATE utf8_bin NOT NULL COMMENT '模板名称',
  `template_path` varchar(256) COLLATE utf8_bin NOT NULL COMMENT '模板路径',
  `template_blob_id` int(11) DEFAULT NULL COMMENT '模板文件流id',
  `create_time` datetime DEFAULT CURRENT_TIMESTAMP COMMENT '创建时间',
  `create_user` int(11) DEFAULT NULL COMMENT '创建用户',
  `update_time` datetime DEFAULT CURRENT_TIMESTAMP ON UPDATE CURRENT_TIMESTAMP COMMENT '更新时间',
  PRIMARY KEY (`id`)
) ENGINE=InnoDB AUTO_INCREMENT=5 DEFAULT CHARSET=utf8 COLLATE=utf8_bin COMMENT='模板信息表';

-- ----------------------------
-- Records of cms_template
-- ----------------------------
INSERT INTO `cms_template` VALUES ('2', '首页', '/template/1448812075025.ftl', '1', '2015-11-23 11:18:31', null, '2015-11-29 23:47:55');
INSERT INTO `cms_template` VALUES ('3', '频道', '/template/1448794003601.ftl', '2', '2015-11-29 18:46:44', null, '2015-11-29 18:46:44');
INSERT INTO `cms_template` VALUES ('4', '内容', '/template/1448794017514.ftl', '3', '2015-11-29 18:46:58', null, '2015-11-29 18:46:58');

-- ----------------------------
-- Table structure for cms_template_blob
-- ----------------------------
DROP TABLE IF EXISTS `cms_template_blob`;
CREATE TABLE `cms_template_blob` (
  `id` int(11) NOT NULL AUTO_INCREMENT COMMENT '主键',
  `template_blob` blob NOT NULL COMMENT '模板文件流',
  `create_time` datetime DEFAULT CURRENT_TIMESTAMP COMMENT '创建时间',
  `create_user` int(11) DEFAULT NULL COMMENT '创建用户',
  `update_time` datetime DEFAULT CURRENT_TIMESTAMP ON UPDATE CURRENT_TIMESTAMP COMMENT '更新时间',
  PRIMARY KEY (`id`)
) ENGINE=InnoDB AUTO_INCREMENT=4 DEFAULT CHARSET=utf8 COLLATE=utf8_bin COMMENT='存储模板文件流';

-- ----------------------------
-- Records of cms_template_blob
-- ----------------------------
INSERT INTO `cms_template_blob` VALUES ('1', 0x3C21444F43545950452068746D6C3E0D0A2020202020202020202020202020202020202020202020202020202020202020202020202020202020202020202020203C68746D6C3E0D0A2020202020202020202020202020202020202020202020202020202020202020202020202020202020202020202020203C686561643E0D0A202020202020202020202020202020202020202020202020202020202020202020202020202020202020202020202020202020203C6D65746120687474702D65717569763D22636F6E74656E742D747970652220636F6E74656E743D22746578742F68746D6C3B636861727365743D7574662D38223E0D0A202020202020202020202020202020202020202020202020202020202020202020202020202020202020202020202020202020203C7469746C653EE4B8ADE59BBDE5B7A5E7A88BE59C9FE69CA8E58D8FE4BC9A3C2F7469746C653E0D0A202020202020202020202020202020202020202020202020202020202020202020202020202020202020202020202020202020203C4063737320736974653D227A686F6E6768656E6722206E616D653D22626173652E637373222F3E0D0A202020202020202020202020202020202020202020202020202020202020202020202020202020202020202020202020202020203C4063737320736974653D227A686F6E6768656E6722206E616D653D22696E6465782E637373222F3E0D0A2020202020202020202020202020202020202020202020202020202020202020202020202020202020202020202020203C2F686561643E0D0A2020202020202020202020202020202020202020202020202020202020202020202020202020202020202020202020203C626F64793E0D0A2020202020202020202020202020202020202020202020202020202020202020202020202020202020202020202020203C212D2D6C6F676FE59BBEE78987E5BC80E5A78B2D2D3E0D0A2020202020202020202020202020202020202020202020202020202020202020202020202020202020202020202020203C64697620636C6173733D22746F70223E0D0A202020202020202020202020202020202020202020202020202020202020202020202020202020202020202020202020202020203C64697620636C6173733D226D61696E223E0D0A20202020202020202020202020202020202020202020202020202020202020202020202020202020202020202020202020202020202020203C64697620636C6173733D22746F702D6C696E6B223E0D0A2020202020202020202020202020202020202020202020202020202020202020202020202020202020202020202020202020202020202020202020203C6120687265663D226A6176617363726970743A766F6964283029223EE58AA0E585A5E694B6E8978F3C2F613E0D0A2020202020202020202020202020202020202020202020202020202020202020202020202020202020202020202020202020202020202020202020203C7370616E3E7C3C2F7370616E3E0D0A2020202020202020202020202020202020202020202020202020202020202020202020202020202020202020202020202020202020202020202020203C6120687265663D226A6176617363726970743A766F6964283029223EE88194E7B3BBE68891E4BBAC3C2F613E0D0A20202020202020202020202020202020202020202020202020202020202020202020202020202020202020202020202020202020202020203C2F6469763E0D0A202020202020202020202020202020202020202020202020202020202020202020202020202020202020202020202020202020203C2F6469763E0D0A2020202020202020202020202020202020202020202020202020202020202020202020202020202020202020202020203C2F6469763E0D0A2020202020202020202020202020202020202020202020202020202020202020202020202020202020202020202020203C212D2D6C6F676FE59BBEE78987E7BB93E69D9F2D2D3E0D0A2020202020202020202020202020202020202020202020202020202020202020202020202020202020202020202020203C212D2D6E6176E5BC80E5A78B2D2D3E0D0A2020202020202020202020202020202020202020202020202020202020202020202020202020202020202020202020203C23696E636C756465202264616F68616E672E66746C22202F3E0D0A2020202020202020202020202020202020202020202020202020202020202020202020202020202020202020202020200D0A2020202020202020202020202020202020202020202020202020202020202020202020202020202020202020202020203C212D2D666C6F6F7235E5BC80E5A78B2D2D3E0D0A2020202020202020202020202020202020202020202020202020202020202020202020202020202020202020202020203C64697620636C6173733D226D61696E206D742D3235223E0D0A202020202020202020202020202020202020202020202020202020202020202020202020202020202020202020202020202020203C756C20636C6173733D226C6973743220666E2D636C656172223E0D0A20202020202020202020202020202020202020202020202020202020202020202020202020202020202020202020202020202020202020203C6C693E0D0A2020202020202020202020202020202020202020202020202020202020202020202020202020202020202020202020202020202020202020202020203C6469763E0D0A202020202020202020202020202020202020202020202020202020202020202020202020202020202020202020202020202020202020202020202020202020203C73656C6563743E0D0A20202020202020202020202020202020202020202020202020202020202020202020202020202020202020202020202020202020202020202020202020202020202020203C6F7074696F6E3EE694BFE5BA9CE7BD91E7AB993C2F6F7074696F6E3E0D0A20202020202020202020202020202020202020202020202020202020202020202020202020202020202020202020202020202020202020202020202020202020202020203C6F7074696F6E3EE694BFE5BA9CE7BD91E7AB993C2F6F7074696F6E3E0D0A20202020202020202020202020202020202020202020202020202020202020202020202020202020202020202020202020202020202020202020202020202020202020203C6F7074696F6E3EE694BFE5BA9CE7BD91E7AB993C2F6F7074696F6E3E0D0A202020202020202020202020202020202020202020202020202020202020202020202020202020202020202020202020202020202020202020202020202020203C2F73656C6563743E0D0A2020202020202020202020202020202020202020202020202020202020202020202020202020202020202020202020202020202020202020202020203C2F6469763E0D0A20202020202020202020202020202020202020202020202020202020202020202020202020202020202020202020202020202020202020203C2F6C693E0D0A20202020202020202020202020202020202020202020202020202020202020202020202020202020202020202020202020202020202020203C6C693E0D0A2020202020202020202020202020202020202020202020202020202020202020202020202020202020202020202020202020202020202020202020203C6469763E0D0A202020202020202020202020202020202020202020202020202020202020202020202020202020202020202020202020202020202020202020202020202020203C73656C6563743E0D0A20202020202020202020202020202020202020202020202020202020202020202020202020202020202020202020202020202020202020202020202020202020202020203C6F7074696F6E3EE4B893E4B89AE5ADA6E4BC9A3C2F6F7074696F6E3E0D0A20202020202020202020202020202020202020202020202020202020202020202020202020202020202020202020202020202020202020202020202020202020202020203C6F7074696F6E3EE4B893E4B89AE5ADA6E4BC9A3C2F6F7074696F6E3E0D0A20202020202020202020202020202020202020202020202020202020202020202020202020202020202020202020202020202020202020202020202020202020202020203C6F7074696F6E3EE4B893E4B89AE5ADA6E4BC9A3C2F6F7074696F6E3E0D0A202020202020202020202020202020202020202020202020202020202020202020202020202020202020202020202020202020202020202020202020202020203C2F73656C6563743E0D0A2020202020202020202020202020202020202020202020202020202020202020202020202020202020202020202020202020202020202020202020203C2F6469763E0D0A20202020202020202020202020202020202020202020202020202020202020202020202020202020202020202020202020202020202020203C2F6C693E0D0A20202020202020202020202020202020202020202020202020202020202020202020202020202020202020202020202020202020202020203C6C693E0D0A2020202020202020202020202020202020202020202020202020202020202020202020202020202020202020202020202020202020202020202020203C6469763E0D0A202020202020202020202020202020202020202020202020202020202020202020202020202020202020202020202020202020202020202020202020202020203C73656C6563743E0D0A20202020202020202020202020202020202020202020202020202020202020202020202020202020202020202020202020202020202020202020202020202020202020203C6F7074696F6E3EE59CB0E696B9E5ADA6E4BC9A3C2F6F7074696F6E3E0D0A20202020202020202020202020202020202020202020202020202020202020202020202020202020202020202020202020202020202020202020202020202020202020203C6F7074696F6E3EE59CB0E696B9E5ADA6E4BC9A3C2F6F7074696F6E3E0D0A20202020202020202020202020202020202020202020202020202020202020202020202020202020202020202020202020202020202020202020202020202020202020203C6F7074696F6E3EE59CB0E696B9E5ADA6E4BC9A3C2F6F7074696F6E3E0D0A202020202020202020202020202020202020202020202020202020202020202020202020202020202020202020202020202020202020202020202020202020203C2F73656C6563743E0D0A2020202020202020202020202020202020202020202020202020202020202020202020202020202020202020202020202020202020202020202020203C2F6469763E0D0A20202020202020202020202020202020202020202020202020202020202020202020202020202020202020202020202020202020202020203C2F6C693E0D0A20202020202020202020202020202020202020202020202020202020202020202020202020202020202020202020202020202020202020203C6C693E0D0A2020202020202020202020202020202020202020202020202020202020202020202020202020202020202020202020202020202020202020202020203C6469763E0D0A202020202020202020202020202020202020202020202020202020202020202020202020202020202020202020202020202020202020202020202020202020203C73656C6563743E0D0A20202020202020202020202020202020202020202020202020202020202020202020202020202020202020202020202020202020202020202020202020202020202020203C6F7074696F6E3EE58F8BE68385E993BEE68EA53C2F6F7074696F6E3E0D0A20202020202020202020202020202020202020202020202020202020202020202020202020202020202020202020202020202020202020202020202020202020202020203C6F7074696F6E3EE58F8BE68385E993BEE68EA53C2F6F7074696F6E3E0D0A20202020202020202020202020202020202020202020202020202020202020202020202020202020202020202020202020202020202020202020202020202020202020203C6F7074696F6E3EE58F8BE68385E993BEE68EA53C2F6F7074696F6E3E0D0A202020202020202020202020202020202020202020202020202020202020202020202020202020202020202020202020202020202020202020202020202020203C2F73656C6563743E0D0A2020202020202020202020202020202020202020202020202020202020202020202020202020202020202020202020202020202020202020202020203C2F6469763E0D0A20202020202020202020202020202020202020202020202020202020202020202020202020202020202020202020202020202020202020203C2F6C693E0D0A202020202020202020202020202020202020202020202020202020202020202020202020202020202020202020202020202020203C2F756C3E0D0A2020202020202020202020202020202020202020202020202020202020202020202020202020202020202020202020203C2F6469763E0D0A2020202020202020202020202020202020202020202020202020202020202020202020202020202020202020202020203C212D2D666C6F6F7235E7BB93E69D9F2D2D3E0D0A2020202020202020202020202020202020202020202020202020202020202020202020202020202020202020202020203C212D2D666F6F746572E5BC80E5A78B2D2D3E0D0A2020202020202020202020202020202020202020202020202020202020202020202020202020202020202020202020203C64697620636C6173733D226674206D742D3235223E0D0A202020202020202020202020202020202020202020202020202020202020202020202020202020202020202020202020202020203C703EE78988E69D83E68980E69C89EFBC9AE4B8ADE59BBDE59C9FE69CA8E5B7A5E7A88BE5ADA6E4BC9A3C2F703E0D0A202020202020202020202020202020202020202020202020202020202020202020202020202020202020202020202020202020203C703EE59CB0E59D80EFBC9AE58C97E4BAACE4B889E9878CE6B2B3E8B7AF39E58FB7E5BBBAE8AEBEE983A8E5868520E982AEE7BC96EFBC9A3130303833353C2F703E0D0A202020202020202020202020202020202020202020202020202020202020202020202020202020202020202020202020202020203C703E456D61696CEFBC9A4D617374657240636365732E6E65742E636E3C2F703E0D0A202020202020202020202020202020202020202020202020202020202020202020202020202020202020202020202020202020203C703EE4BAAC494350E5A4873035303233313837E58FB73C2F703E0D0A2020202020202020202020202020202020202020202020202020202020202020202020202020202020202020202020203C2F6469763E0D0A2020202020202020202020202020202020202020202020202020202020202020202020202020202020202020202020203C212D2D666F6F746572E7BB93E69D9F2D2D3E0D0A2020202020202020202020202020202020202020202020202020202020202020202020202020202020202020202020203C73637269707420747970653D22746578742F6A61766173637269707422207372633D22687474703A2F2F3132372E302E302E313A383038302F68746D6C2F6A732F6A71756572792D312E31312E322E6D696E2E6A73223E3C2F7363726970743E0D0A2020202020202020202020202020202020202020202020202020202020202020202020202020202020202020202020203C736372697074207372633D22687474703A2F2F3132372E302E302E313A383038302F68746D6C2F6A732F6A71756572792E746162732E6A73223E3C2F7363726970743E0D0A2020202020202020202020202020202020202020202020202020202020202020202020202020202020202020202020203C736372697074207372633D22687474703A2F2F3132372E302E302E313A383038302F68746D6C2F6A732F7069632E6A73223E3C2F7363726970743E0D0A2020202020202020202020202020202020202020202020202020202020202020202020202020202020202020202020203C73637269707420747970653D22746578742F6A617661736372697074223E0D0A20202020202020202020202020202020202020202020202020202020202020202020202020202020202020202020202020202020242866756E6374696F6E28297B0D0A20202020202020202020202020202020202020202020202020202020202020202020202020202020202020202020202020202020202020202428222E64656D6F3122292E54616273287B0D0A2020202020202020202020202020202020202020202020202020202020202020202020202020202020202020202020202020202020202020202020206175746F3A333030300D0A20202020202020202020202020202020202020202020202020202020202020202020202020202020202020202020202020202020202020207D293B0D0A20202020202020202020202020202020202020202020202020202020202020202020202020202020202020202020202020202020202020202428222E64656D6F3222292E5461627328293B0D0A20202020202020202020202020202020202020202020202020202020202020202020202020202020202020202020202020202020202020202428222E64656D6F3322292E5461627328293B0D0A20202020202020202020202020202020202020202020202020202020202020202020202020202020202020202020202020202020202020202428222E64656D6F3422292E5461627328293B0D0A202020202020202020202020202020202020202020202020202020202020202020202020202020202020202020202020202020207D293B0D0A2020202020202020202020202020202020202020202020202020202020202020202020202020202020202020202020203C2F7363726970743E0D0A2020202020202020202020202020202020202020202020202020202020202020202020202020202020202020202020203C2F626F64793E0D0A2020202020202020202020202020202020202020202020202020202020202020202020202020202020202020202020203C2F68746D6C3E0D0A2020202020200D0A20202020200D0A202020200D0A2020200D0A20200D0A20, '2015-11-23 11:18:31', null, '2015-11-23 11:18:31');
INSERT INTO `cms_template_blob` VALUES ('2', 0x3C21444F43545950452068746D6C3E0D0A2020202020202020202020202020202020202020202020202020202020202020202020202020202020202020202020203C68746D6C3E0D0A2020202020202020202020202020202020202020202020202020202020202020202020202020202020202020202020203C686561643E0D0A202020202020202020202020202020202020202020202020202020202020202020202020202020202020202020202020202020203C6D65746120687474702D65717569763D22636F6E74656E742D747970652220636F6E74656E743D22746578742F68746D6C3B636861727365743D7574662D38223E0D0A202020202020202020202020202020202020202020202020202020202020202020202020202020202020202020202020202020203C7469746C653E247B736974652E646973706C61794E616D653F64656661756C74282222297D0D0A090909090909202020203C2F7469746C653E0D0A202020202020202020202020202020202020202020202020202020202020202020202020202020202020202020202020202020200D0A2020202020202020202020202020202020202020202020202020202020202020202020202020202020202020202020203C2F686561643E0D0A2020202020202020202020202020202020202020202020202020202020202020202020202020202020202020202020203C626F64793E0D0A20202020202020202020202020202020202020202020202020202020202020202020202020202020202020202020202048656C6C6F20576F726C64210D0A2020202020202020202020202020202020202020202020202020202020202020202020202020202020202020202020203C2F626F64793E0D0A2020202020202020202020202020202020202020202020202020202020202020202020202020202020202020202020203C2F68746D6C3E0D0A2020202020200D0A20202020200D0A202020200D0A2020200D0A20200D0A20, '2015-11-29 18:46:44', null, '2015-11-29 18:46:44');
INSERT INTO `cms_template_blob` VALUES ('3', 0x3C21444F43545950452068746D6C3E0D0A2020202020202020202020202020202020202020202020202020202020202020202020202020202020202020202020203C68746D6C3E0D0A2020202020202020202020202020202020202020202020202020202020202020202020202020202020202020202020203C686561643E0D0A202020202020202020202020202020202020202020202020202020202020202020202020202020202020202020202020202020203C6D65746120687474702D65717569763D22636F6E74656E742D747970652220636F6E74656E743D22746578742F68746D6C3B636861727365743D7574662D38223E0D0A202020202020202020202020202020202020202020202020202020202020202020202020202020202020202020202020202020203C7469746C653E247B736974652E646973706C61794E616D653F64656661756C74282222297D0D0A090909090909202020203C2F7469746C653E0D0A202020202020202020202020202020202020202020202020202020202020202020202020202020202020202020202020202020200D0A2020202020202020202020202020202020202020202020202020202020202020202020202020202020202020202020203C2F686561643E0D0A2020202020202020202020202020202020202020202020202020202020202020202020202020202020202020202020203C626F64793E0D0A20202020202020202020202020202020202020202020202020202020202020202020202020202020202020202020202048656C6C6F20576F726C64210D0A2020202020202020202020202020202020202020202020202020202020202020202020202020202020202020202020203C2F626F64793E0D0A2020202020202020202020202020202020202020202020202020202020202020202020202020202020202020202020203C2F68746D6C3E0D0A2020202020200D0A20202020200D0A202020200D0A2020200D0A20200D0A20, '2015-11-29 18:46:58', null, '2015-11-29 18:46:58');

-- ----------------------------
-- Table structure for cms_user_channel
-- ----------------------------
DROP TABLE IF EXISTS `cms_user_channel`;
CREATE TABLE `cms_user_channel` (
  `login_name` varchar(64) COLLATE utf8_bin NOT NULL COMMENT '用户登录名',
  `channel_id` int(11) NOT NULL COMMENT '频道id',
  UNIQUE KEY `AK_Key_1` (`login_name`,`channel_id`)
) ENGINE=InnoDB DEFAULT CHARSET=utf8 COLLATE=utf8_bin COMMENT='用户频道权限关联表';

-- ----------------------------
-- Records of cms_user_channel
-- ----------------------------

-- ----------------------------
-- Table structure for cms_user_site
-- ----------------------------
DROP TABLE IF EXISTS `cms_user_site`;
CREATE TABLE `cms_user_site` (
  `login_name` varchar(64) COLLATE utf8_bin NOT NULL COMMENT '登录名',
  `site_id` int(11) NOT NULL COMMENT '站点id',
  UNIQUE KEY `AK_Key_1` (`login_name`,`site_id`)
) ENGINE=InnoDB DEFAULT CHARSET=utf8 COLLATE=utf8_bin COMMENT='用户站点权限关联表';

-- ----------------------------
-- Records of cms_user_site
-- ----------------------------

-- ----------------------------
-- Table structure for t_example
-- ----------------------------
DROP TABLE IF EXISTS `t_example`;
CREATE TABLE `t_example` (
  `id` bigint(20) NOT NULL AUTO_INCREMENT,
  `CREATETIME` varchar(50) DEFAULT NULL,
  `CREATOR` varchar(50) DEFAULT NULL,
  `MODIFIER` varchar(50) DEFAULT NULL,
  `NAME` varchar(50) DEFAULT NULL,
  `UPDATETIME` varchar(50) DEFAULT NULL,
  `VALIDFLAG` varchar(5) DEFAULT NULL,
  `checkbox` varchar(225) DEFAULT NULL,
  `datepicker` varchar(32) DEFAULT NULL,
  `node` varchar(32) DEFAULT NULL,
  `password` varchar(20) DEFAULT NULL,
  `radio` varchar(32) DEFAULT NULL,
  `textarea` varchar(225) DEFAULT NULL,
  `selector` varchar(32) DEFAULT NULL,
  `tag` varchar(225) DEFAULT NULL,
  `color` varchar(10) DEFAULT NULL,
  `editor` longtext,
  `tree` varchar(225) DEFAULT NULL,
  `image` varchar(225) DEFAULT NULL,
  `file1` varchar(225) DEFAULT NULL,
  PRIMARY KEY (`id`)
) ENGINE=InnoDB AUTO_INCREMENT=2 DEFAULT CHARSET=utf8;

-- ----------------------------
-- Records of t_example
-- ----------------------------
INSERT INTO `t_example` VALUES ('1', null, null, 'admin', '1', '2015-10-20 09:15:55', null, '1', '2015-09-06 00:00:00', null, null, '5', '1', '1', '1', '#0088cc', '1', '2', 'http://127.0.0.1:8080/dmbase/image_center/images/1445332553089.jpg', 'http://127.0.0.1:8080/dmbase/image_center/images/1445332543287.jpg');

-- ----------------------------
-- Table structure for t_filetable
-- ----------------------------
DROP TABLE IF EXISTS `t_filetable`;
CREATE TABLE `t_filetable` (
  `id` varchar(255) NOT NULL,
  `CDATE` varchar(255) DEFAULT NULL,
  `FILESIZE` varchar(255) DEFAULT NULL,
  `NAME` varchar(255) DEFAULT NULL,
  `TYPE` varchar(255) DEFAULT NULL,
  `URL` varchar(255) DEFAULT NULL,
  `CREATEUSER` varchar(255) DEFAULT NULL,
  `REALPATH` varchar(255) DEFAULT NULL,
  `SAVEFLAG` varchar(255) DEFAULT NULL,
  `userObject` varchar(255) DEFAULT NULL,
  `OBJFIELD` varchar(255) DEFAULT NULL,
  `URLFIELD` varchar(255) DEFAULT NULL,
  `OBJ_ID` varchar(32) DEFAULT NULL,
  `OBJ_TYPE` varchar(2) DEFAULT NULL,
  PRIMARY KEY (`id`)
) ENGINE=InnoDB DEFAULT CHARSET=utf8;

-- ----------------------------
-- Records of t_filetable
-- ----------------------------

-- ----------------------------
-- Table structure for t_inbox
-- ----------------------------
DROP TABLE IF EXISTS `t_inbox`;
CREATE TABLE `t_inbox` (
  `ib_id` varchar(32) NOT NULL,
  `ib_content` longtext,
  `ib_create_time` varchar(32) DEFAULT NULL,
  `ib_create_user_id` varchar(32) DEFAULT NULL,
  `ib_from_user` varchar(255) DEFAULT NULL,
  `ib_has_attachment` varchar(2) DEFAULT NULL,
  `ib_subject` varchar(255) DEFAULT NULL,
  `ib_to_users` longtext,
  PRIMARY KEY (`ib_id`)
) ENGINE=InnoDB DEFAULT CHARSET=utf8;

-- ----------------------------
-- Records of t_inbox
-- ----------------------------

-- ----------------------------
-- Table structure for t_inbox_attachment
-- ----------------------------
DROP TABLE IF EXISTS `t_inbox_attachment`;
CREATE TABLE `t_inbox_attachment` (
  `ib_id` varchar(32) NOT NULL COMMENT '消息id',
  `attachment_id` varchar(32) NOT NULL COMMENT '附件id',
  `attachment_state` varchar(2) NOT NULL DEFAULT '1' COMMENT '附件使用状态位（0不使用 1使用）',
  PRIMARY KEY (`ib_id`,`attachment_id`)
) ENGINE=InnoDB DEFAULT CHARSET=utf8;

-- ----------------------------
-- Records of t_inbox_attachment
-- ----------------------------

-- ----------------------------
-- Table structure for t_inbox_user_state
-- ----------------------------
DROP TABLE IF EXISTS `t_inbox_user_state`;
CREATE TABLE `t_inbox_user_state` (
  `t_id` bigint(20) NOT NULL AUTO_INCREMENT COMMENT '关联表id',
  `ib_id` varchar(32) NOT NULL COMMENT '消息id',
  `user_id` varchar(32) NOT NULL COMMENT '用户id',
  `ib_type_state` varchar(2) NOT NULL COMMENT '消息类型（1 收件箱 2已发送 3草稿箱 4回收站）',
  `ib_trash_state` varchar(2) NOT NULL DEFAULT '0' COMMENT '删除进入回收站标识符（0未删除 1已删除）',
  `ib_delete_state` varchar(2) NOT NULL DEFAULT '0' COMMENT '彻底删除位（0未删除 1已删除）',
  `ib_read_state` varchar(2) NOT NULL DEFAULT '0' COMMENT '已读标志位（0 未读 1已读）',
  `ib_mark_state` varchar(2) NOT NULL DEFAULT '0' COMMENT '标记标志位（0未标记 1已标记）',
  `ib_date` varchar(32) DEFAULT NULL COMMENT '时期',
  PRIMARY KEY (`t_id`)
) ENGINE=InnoDB DEFAULT CHARSET=utf8;

-- ----------------------------
-- Records of t_inbox_user_state
-- ----------------------------

-- ----------------------------
-- Table structure for t_log
-- ----------------------------
DROP TABLE IF EXISTS `t_log`;
CREATE TABLE `t_log` (
  `id` bigint(20) NOT NULL AUTO_INCREMENT,
  `CONTENT` longtext,
  `DATE` varchar(20) DEFAULT NULL,
  `IP` varchar(50) DEFAULT NULL,
  `TITLE` varchar(100) DEFAULT NULL,
  `TYPE` varchar(10) DEFAULT NULL,
  `USER` varchar(50) DEFAULT NULL,
  PRIMARY KEY (`id`)
) ENGINE=InnoDB AUTO_INCREMENT=4210 DEFAULT CHARSET=utf8;

-- ----------------------------
-- Records of t_log
-- ----------------------------
INSERT INTO `t_log` VALUES ('4158', '用户名:管理员--登陆成功', '2015-11-22 12:16:28', '127.0.0.1', '登录成功', '0', '管理员(admin[1])');
INSERT INTO `t_log` VALUES ('4159', '管理员:修改[类型：UserAccount，值：(Code : 1392lBoOwjvAbWSI)]', '2015-11-22 12:16:38', '127.0.0.1', 'com.dm.platform.service.impl.UserAccountServiceImpl.updateUser正常。', '1', '管理员(1)');
INSERT INTO `t_log` VALUES ('4160', '管理员:删除[类型：UserAccount，值：(Code : 1392lBoOwjvAbWSI)]', '2015-11-22 12:16:38', '127.0.0.1', 'com.dm.platform.service.impl.UserAccountServiceImpl.deleteUser正常。', '1', '管理员(1)');
INSERT INTO `t_log` VALUES ('4161', '管理员:修改[类型：UserAccount，值：(Code : 7LMDG8d4GbsMcua5)]', '2015-11-22 12:16:40', '127.0.0.1', 'com.dm.platform.service.impl.UserAccountServiceImpl.updateUser正常。', '1', '管理员(1)');
INSERT INTO `t_log` VALUES ('4162', '管理员:删除[类型：UserAccount，值：(Code : 7LMDG8d4GbsMcua5)]', '2015-11-22 12:16:40', '127.0.0.1', 'com.dm.platform.service.impl.UserAccountServiceImpl.deleteUser正常。', '1', '管理员(1)');
INSERT INTO `t_log` VALUES ('4163', '管理员:修改[类型：UserAccount，值：(Code : arPZH3pT9EhEEhtD)]', '2015-11-22 12:16:42', '127.0.0.1', 'com.dm.platform.service.impl.UserAccountServiceImpl.updateUser正常。', '1', '管理员(1)');
INSERT INTO `t_log` VALUES ('4164', '管理员:删除[类型：UserAccount，值：(Code : arPZH3pT9EhEEhtD)]', '2015-11-22 12:16:42', '127.0.0.1', 'com.dm.platform.service.impl.UserAccountServiceImpl.deleteUser正常。', '1', '管理员(1)');
INSERT INTO `t_log` VALUES ('4165', '管理员:修改[类型：UserAccount，值：(Code : PHNo5trZiquE3dsp)]', '2015-11-22 12:16:43', '127.0.0.1', 'com.dm.platform.service.impl.UserAccountServiceImpl.updateUser正常。', '1', '管理员(1)');
INSERT INTO `t_log` VALUES ('4166', '管理员:删除[类型：UserAccount，值：(Code : PHNo5trZiquE3dsp)]', '2015-11-22 12:16:43', '127.0.0.1', 'com.dm.platform.service.impl.UserAccountServiceImpl.deleteUser正常。', '1', '管理员(1)');
INSERT INTO `t_log` VALUES ('4167', '管理员:修改[类型：UserAccount，值：(Code : VOgZYegwXRKn20L8)]', '2015-11-22 12:16:45', '127.0.0.1', 'com.dm.platform.service.impl.UserAccountServiceImpl.updateUser正常。', '1', '管理员(1)');
INSERT INTO `t_log` VALUES ('4168', '管理员:删除[类型：UserAccount，值：(Code : VOgZYegwXRKn20L8)]', '2015-11-22 12:16:45', '127.0.0.1', 'com.dm.platform.service.impl.UserAccountServiceImpl.deleteUser正常。', '1', '管理员(1)');
INSERT INTO `t_log` VALUES ('4169', '管理员:修改[类型：MenuGroup，值：(Id : 1432870028631)]', '2015-11-22 12:17:02', '127.0.0.1', 'com.dm.platform.service.impl.MenuGroupServiceImpl.updateMenuGroup正常。', '1', '管理员(1)');
INSERT INTO `t_log` VALUES ('4170', '管理员:删除[类型：MenuGroup，值：(Id : 1432870028631)]', '2015-11-22 12:17:02', '127.0.0.1', 'com.dm.platform.service.impl.MenuGroupServiceImpl.deleteMenuGroup正常。', '1', '管理员(1)');
INSERT INTO `t_log` VALUES ('4171', '管理员:修改[类型：UserAccount，值：(Code : 1)]', '2015-11-22 12:17:37', '127.0.0.1', 'com.dm.platform.service.impl.UserAccountServiceImpl.updateUser正常。', '1', '管理员(1)');
INSERT INTO `t_log` VALUES ('4172', '管理员:删除[类型：Org，值：(Id : 1409630887377)(Code : 003)]', '2015-11-22 12:17:48', '127.0.0.1', 'com.dm.platform.service.impl.OrgServiceImpl.deleteOrg正常。', '1', '管理员(1)');
INSERT INTO `t_log` VALUES ('4173', '管理员:删除[类型：Org，值：(Id : 1422676976674)(Code : 3)]', '2015-11-22 12:17:57', '127.0.0.1', 'com.dm.platform.service.impl.OrgServiceImpl.deleteOrg正常。', '1', '管理员(1)');
INSERT INTO `t_log` VALUES ('4174', '用户名:管理员--登陆成功', '2015-11-22 12:20:46', '127.0.0.1', '登录成功', '0', '管理员(admin[1])');
INSERT INTO `t_log` VALUES ('4175', '管理员:修改[类型：UserRole，值：(Code : IZkutVrujAZADB3z)]', '2015-11-22 12:21:15', '127.0.0.1', 'com.dm.platform.service.impl.UserRoleServiceImpl.updateUserRole正常。', '1', '管理员(1)');
INSERT INTO `t_log` VALUES ('4176', '用户名:管理员--登陆成功', '2015-11-22 14:50:49', '127.0.0.1', '登录成功', '0', '管理员(admin[1])');
INSERT INTO `t_log` VALUES ('4177', '管理员:新建[类型：UserMenu，值：(Id : 1448175100462)]', '2015-11-22 14:51:40', '127.0.0.1', 'com.dm.platform.service.impl.UserMenuServiceImpl.insertUserMenu正常。', '1', '管理员(1)');
INSERT INTO `t_log` VALUES ('4178', '管理员:修改[类型：UserMenu，值：(Id : 1448175100462)]', '2015-11-22 14:52:08', '127.0.0.1', 'com.dm.platform.service.impl.UserMenuServiceImpl.updateUserMenu正常。', '1', '管理员(1)');
INSERT INTO `t_log` VALUES ('4179', '管理员:新建[类型：UserMenu，值：(Id : 1448175172045)]', '2015-11-22 14:52:52', '127.0.0.1', 'com.dm.platform.service.impl.UserMenuServiceImpl.insertUserMenu正常。', '1', '管理员(1)');
INSERT INTO `t_log` VALUES ('4180', '管理员:修改[类型：UserRole，值：(Code : 0i5bxflOEgM1bxTZ)]', '2015-11-22 14:53:05', '127.0.0.1', 'com.dm.platform.service.impl.UserRoleServiceImpl.updateUserRole正常。', '1', '管理员(1)');
INSERT INTO `t_log` VALUES ('4181', '用户名:管理员--登陆成功', '2015-11-22 15:37:32', '127.0.0.1', '登录成功', '0', '管理员(admin[1])');
INSERT INTO `t_log` VALUES ('4182', '用户名:管理员--登陆成功', '2015-11-22 15:49:27', '127.0.0.1', '登录成功', '0', '管理员(admin[1])');
INSERT INTO `t_log` VALUES ('4183', '用户名:管理员--登陆成功', '2015-11-22 15:56:28', '127.0.0.1', '登录成功', '0', '管理员(admin[1])');
INSERT INTO `t_log` VALUES ('4184', '用户名:管理员--登陆成功', '2015-11-22 19:11:03', '127.0.0.1', '登录成功', '0', '管理员(admin[1])');
INSERT INTO `t_log` VALUES ('4185', '管理员:新建[类型：UserMenu，值：(Id : 1448190698855)]', '2015-11-22 19:11:38', '127.0.0.1', 'com.dm.platform.service.impl.UserMenuServiceImpl.insertUserMenu正常。', '1', '管理员(1)');
INSERT INTO `t_log` VALUES ('4186', '管理员:修改[类型：UserRole，值：(Code : 0i5bxflOEgM1bxTZ)]', '2015-11-22 19:11:50', '127.0.0.1', 'com.dm.platform.service.impl.UserRoleServiceImpl.updateUserRole正常。', '1', '管理员(1)');
INSERT INTO `t_log` VALUES ('4187', '管理员:修改[类型：UserMenu，值：(Id : 1448190698855)]', '2015-11-22 19:12:40', '127.0.0.1', 'com.dm.platform.service.impl.UserMenuServiceImpl.updateUserMenu正常。', '1', '管理员(1)');
INSERT INTO `t_log` VALUES ('4188', '用户名:管理员--登陆成功', '2015-11-22 20:22:46', '127.0.0.1', '登录成功', '0', '管理员(admin[1])');
INSERT INTO `t_log` VALUES ('4189', '用户名:管理员--登陆成功', '2015-11-22 20:56:45', '127.0.0.1', '登录成功', '0', '管理员(admin[1])');
INSERT INTO `t_log` VALUES ('4190', '用户名:管理员--登陆成功', '2015-11-23 11:18:15', '127.0.0.1', '登录成功', '0', '管理员(admin[1])');
INSERT INTO `t_log` VALUES ('4191', '用户名:管理员--登陆成功', '2015-11-23 11:50:30', '127.0.0.1', '登录成功', '0', '管理员(admin[1])');
INSERT INTO `t_log` VALUES ('4192', '用户名:管理员--登陆成功', '2015-11-23 13:53:07', '127.0.0.1', '登录成功', '0', '管理员(admin[1])');
INSERT INTO `t_log` VALUES ('4193', '用户名:管理员--登陆成功', '2015-11-24 22:49:40', '127.0.0.1', '登录成功', '0', '管理员(admin[1])');
INSERT INTO `t_log` VALUES ('4194', '管理员:新建[类型：UserMenu，值：(Id : 1448376606771)]', '2015-11-24 22:50:06', '127.0.0.1', 'com.dm.platform.service.impl.UserMenuServiceImpl.insertUserMenu正常。', '1', '管理员(1)');
INSERT INTO `t_log` VALUES ('4195', '管理员:修改[类型：UserRole，值：(Code : 0i5bxflOEgM1bxTZ)]', '2015-11-24 22:50:16', '127.0.0.1', 'com.dm.platform.service.impl.UserRoleServiceImpl.updateUserRole正常。', '1', '管理员(1)');
INSERT INTO `t_log` VALUES ('4196', '管理员:修改[类型：UserMenu，值：(Id : 1448376606771)]', '2015-11-24 22:50:38', '127.0.0.1', 'com.dm.platform.service.impl.UserMenuServiceImpl.updateUserMenu正常。', '1', '管理员(1)');
INSERT INTO `t_log` VALUES ('4197', '用户名:管理员--登陆成功', '2015-11-25 08:29:30', '127.0.0.1', '登录成功', '0', '管理员(admin[1])');
INSERT INTO `t_log` VALUES ('4198', '用户名:管理员--登陆成功', '2015-11-25 22:24:32', '127.0.0.1', '登录成功', '0', '管理员(admin[1])');
INSERT INTO `t_log` VALUES ('4199', '用户名:管理员--登陆成功', '2015-11-25 22:48:33', '127.0.0.1', '登录成功', '0', '管理员(admin[1])');
INSERT INTO `t_log` VALUES ('4200', '用户名:管理员--登陆成功', '2015-11-26 22:33:23', '127.0.0.1', '登录成功', '0', '管理员(admin[1])');
INSERT INTO `t_log` VALUES ('4201', '用户名:管理员--登陆成功', '2015-11-27 00:06:36', '127.0.0.1', '登录成功', '0', '管理员(admin[1])');
INSERT INTO `t_log` VALUES ('4202', '用户名:管理员--登陆成功', '2015-11-27 00:08:35', '127.0.0.1', '登录成功', '0', '管理员(admin[1])');
INSERT INTO `t_log` VALUES ('4203', '用户名:管理员--登陆成功', '2015-11-29 14:18:07', '127.0.0.1', '登录成功', '0', '管理员(admin[1])');
INSERT INTO `t_log` VALUES ('4204', '用户名:管理员--登陆成功', '2015-11-29 18:07:58', '127.0.0.1', '登录成功', '0', '管理员(admin[1])');
INSERT INTO `t_log` VALUES ('4205', '管理员:新建[类型：UserMenu，值：(Id : 1448791725549)]', '2015-11-29 18:08:45', '127.0.0.1', 'com.dm.platform.service.impl.UserMenuServiceImpl.insertUserMenu正常。', '1', '管理员(1)');
INSERT INTO `t_log` VALUES ('4206', '管理员:修改[类型：UserMenu，值：(Id : 1448175100462)]', '2015-11-29 18:08:56', '127.0.0.1', 'com.dm.platform.service.impl.UserMenuServiceImpl.updateUserMenu正常。', '1', '管理员(1)');
INSERT INTO `t_log` VALUES ('4207', '管理员:修改[类型：UserRole，值：(Code : 0i5bxflOEgM1bxTZ)]', '2015-11-29 18:09:10', '127.0.0.1', 'com.dm.platform.service.impl.UserRoleServiceImpl.updateUserRole正常。', '1', '管理员(1)');
INSERT INTO `t_log` VALUES ('4208', '用户名:管理员--登陆成功', '2015-11-29 18:21:13', '127.0.0.1', '登录成功', '0', '管理员(admin[1])');
INSERT INTO `t_log` VALUES ('4209', '用户名:管理员--登陆成功', '2015-11-29 23:12:29', '127.0.0.1', '登录成功', '0', '管理员(admin[1])');

-- ----------------------------
-- Table structure for t_menu_group
-- ----------------------------
DROP TABLE IF EXISTS `t_menu_group`;
CREATE TABLE `t_menu_group` (
  `id` bigint(20) NOT NULL,
  `ICON` varchar(255) DEFAULT NULL,
  `NAME` varchar(50) NOT NULL,
  `SEQ` bigint(20) DEFAULT NULL,
  PRIMARY KEY (`id`)
) ENGINE=InnoDB DEFAULT CHARSET=utf8;

-- ----------------------------
-- Records of t_menu_group
-- ----------------------------
INSERT INTO `t_menu_group` VALUES ('1', null, '系统管理', null);
INSERT INTO `t_menu_group` VALUES ('1411964784068', null, '示例', null);
INSERT INTO `t_menu_group` VALUES ('1432870064461', null, '个人相关', null);

-- ----------------------------
-- Table structure for t_org
-- ----------------------------
DROP TABLE IF EXISTS `t_org`;
CREATE TABLE `t_org` (
  `id` bigint(20) NOT NULL,
  `CODE` varchar(32) NOT NULL,
  `NAME` varchar(32) NOT NULL,
  `SEQ` bigint(20) NOT NULL,
  `parent_id` bigint(20) DEFAULT NULL,
  PRIMARY KEY (`id`),
  KEY `FK132C4D91EFB86` (`parent_id`),
  CONSTRAINT `FK132C4D91EFB86` FOREIGN KEY (`parent_id`) REFERENCES `t_org` (`id`)
) ENGINE=InnoDB DEFAULT CHARSET=utf8;

-- ----------------------------
-- Records of t_org
-- ----------------------------
INSERT INTO `t_org` VALUES ('1409626092863', '002', '智慧城市', '1', null);
INSERT INTO `t_org` VALUES ('1409639345555', '004', '区域拓展', '1', '1409626092863');
INSERT INTO `t_org` VALUES ('1433152078330', 'PKaxC9i5GaGtnQTL', '研发部', '3', '1409626092863');

-- ----------------------------
-- Table structure for t_role_menu
-- ----------------------------
DROP TABLE IF EXISTS `t_role_menu`;
CREATE TABLE `t_role_menu` (
  `ROLE_CODE` varchar(50) NOT NULL,
  `MENU_CODE` bigint(20) NOT NULL,
  PRIMARY KEY (`ROLE_CODE`,`MENU_CODE`),
  KEY `FK3E2AC95D288426DF` (`MENU_CODE`),
  KEY `FK3E2AC95D978E7D3F` (`ROLE_CODE`),
  CONSTRAINT `FK3E2AC95D288426DF` FOREIGN KEY (`MENU_CODE`) REFERENCES `t_user_menu` (`id`),
  CONSTRAINT `FK3E2AC95D978E7D3F` FOREIGN KEY (`ROLE_CODE`) REFERENCES `t_user_role` (`CODE`)
) ENGINE=InnoDB DEFAULT CHARSET=utf8;

-- ----------------------------
-- Records of t_role_menu
-- ----------------------------
INSERT INTO `t_role_menu` VALUES ('0i5bxflOEgM1bxTZ', '2');
INSERT INTO `t_role_menu` VALUES ('0i5bxflOEgM1bxTZ', '3');
INSERT INTO `t_role_menu` VALUES ('0i5bxflOEgM1bxTZ', '1403789662146');
INSERT INTO `t_role_menu` VALUES ('0i5bxflOEgM1bxTZ', '1403789807822');
INSERT INTO `t_role_menu` VALUES ('0i5bxflOEgM1bxTZ', '1403968688676');
INSERT INTO `t_role_menu` VALUES ('0i5bxflOEgM1bxTZ', '1403974160213');
INSERT INTO `t_role_menu` VALUES ('0i5bxflOEgM1bxTZ', '1404189188306');
INSERT INTO `t_role_menu` VALUES ('0i5bxflOEgM1bxTZ', '1416562544007');
INSERT INTO `t_role_menu` VALUES ('0i5bxflOEgM1bxTZ', '1418660893579');
INSERT INTO `t_role_menu` VALUES ('0i5bxflOEgM1bxTZ', '1418661704587');
INSERT INTO `t_role_menu` VALUES ('0i5bxflOEgM1bxTZ', '1448175100462');
INSERT INTO `t_role_menu` VALUES ('0i5bxflOEgM1bxTZ', '1448175172045');
INSERT INTO `t_role_menu` VALUES ('0i5bxflOEgM1bxTZ', '1448190698855');
INSERT INTO `t_role_menu` VALUES ('0i5bxflOEgM1bxTZ', '1448376606771');
INSERT INTO `t_role_menu` VALUES ('0i5bxflOEgM1bxTZ', '1448791725549');

-- ----------------------------
-- Table structure for t_tempuser
-- ----------------------------
DROP TABLE IF EXISTS `t_tempuser`;
CREATE TABLE `t_tempuser` (
  `CODE` varchar(32) NOT NULL,
  `CREATDATE` varchar(50) DEFAULT NULL,
  `EMAIL` varchar(50) DEFAULT NULL,
  `LOGINNAME` varchar(50) NOT NULL,
  `MOBILE` varchar(50) DEFAULT NULL,
  `NAME` varchar(50) NOT NULL,
  `PASSWORD` varchar(64) NOT NULL,
  `STATUS` varchar(50) DEFAULT NULL,
  PRIMARY KEY (`CODE`)
) ENGINE=InnoDB DEFAULT CHARSET=utf8;

-- ----------------------------
-- Records of t_tempuser
-- ----------------------------

-- ----------------------------
-- Table structure for t_usermenu_menugroup
-- ----------------------------
DROP TABLE IF EXISTS `t_usermenu_menugroup`;
CREATE TABLE `t_usermenu_menugroup` (
  `MENU_GROUP_ID` bigint(20) NOT NULL,
  `MENU_CODE` bigint(20) NOT NULL,
  PRIMARY KEY (`MENU_GROUP_ID`,`MENU_CODE`),
  KEY `FKCE2475EB3E9E6405` (`MENU_CODE`),
  KEY `FKCE2475EB85E8986D` (`MENU_GROUP_ID`),
  CONSTRAINT `FKCE2475EB3E9E6405` FOREIGN KEY (`MENU_CODE`) REFERENCES `t_user_menu` (`id`),
  CONSTRAINT `FKCE2475EB85E8986D` FOREIGN KEY (`MENU_GROUP_ID`) REFERENCES `t_menu_group` (`id`)
) ENGINE=InnoDB DEFAULT CHARSET=utf8;

-- ----------------------------
-- Records of t_usermenu_menugroup
-- ----------------------------
INSERT INTO `t_usermenu_menugroup` VALUES ('1', '2');
INSERT INTO `t_usermenu_menugroup` VALUES ('1432870064461', '2');
INSERT INTO `t_usermenu_menugroup` VALUES ('1', '3');
INSERT INTO `t_usermenu_menugroup` VALUES ('1', '1403789662146');
INSERT INTO `t_usermenu_menugroup` VALUES ('1', '1403789807822');
INSERT INTO `t_usermenu_menugroup` VALUES ('1', '1403968688676');
INSERT INTO `t_usermenu_menugroup` VALUES ('1', '1403974160213');
INSERT INTO `t_usermenu_menugroup` VALUES ('1', '1404189188306');
INSERT INTO `t_usermenu_menugroup` VALUES ('1', '1416562544007');
INSERT INTO `t_usermenu_menugroup` VALUES ('1', '1418660893579');
INSERT INTO `t_usermenu_menugroup` VALUES ('1432870064461', '1418660893579');
INSERT INTO `t_usermenu_menugroup` VALUES ('1432870064461', '1418661704587');

-- ----------------------------
-- Table structure for t_user_account
-- ----------------------------
DROP TABLE IF EXISTS `t_user_account`;
CREATE TABLE `t_user_account` (
  `CODE` varchar(50) NOT NULL,
  `EMAIL` varchar(50) DEFAULT NULL,
  `ENABLED` bit(1) NOT NULL,
  `HEADPIC` varchar(255) DEFAULT NULL,
  `NAME` varchar(50) NOT NULL,
  `PASSWORD` varchar(64) NOT NULL,
  `SEQ` bigint(20) DEFAULT NULL,
  `headphoto_id` varchar(50) DEFAULT NULL,
  `org_id` bigint(20) DEFAULT NULL,
  `LOGINNAME` varchar(50) DEFAULT NULL,
  `LASTLOGINTIME` varchar(50) DEFAULT NULL,
  `LOGINCOUNT` int(11) DEFAULT '0',
  `MOBILE` varchar(50) DEFAULT NULL,
  `REMOTEIPADDR` varchar(50) DEFAULT NULL,
  `ACCOUNT_EXPIRED` bit(1) DEFAULT NULL,
  `NONLOCKED` bit(1) DEFAULT NULL,
  `PASSWORD_EXPIRED` bit(1) DEFAULT NULL,
  PRIMARY KEY (`CODE`),
  UNIQUE KEY `name` (`EMAIL`) USING BTREE,
  KEY `FK9B07A5992198F30C` (`org_id`),
  KEY `FK9B07A599DDDB49AC` (`headphoto_id`),
  CONSTRAINT `FK3A6D37A4B52C0784` FOREIGN KEY (`headphoto_id`) REFERENCES `t_filetable` (`id`),
  CONSTRAINT `FK9B07A5992198F30C` FOREIGN KEY (`org_id`) REFERENCES `t_org` (`id`)
) ENGINE=InnoDB DEFAULT CHARSET=utf8;

-- ----------------------------
-- Records of t_user_account
-- ----------------------------
INSERT INTO `t_user_account` VALUES ('1', 'admin', '', '', '管理员', 'd033e22ae348aeb5660fc2140aec35850c4da997', '1', null, '1409626092863', 'admin', '2015-11-29 23:12:29', '30', '18600200791', '127.0.0.1', '\0', '', '\0');

-- ----------------------------
-- Table structure for t_user_account_role
-- ----------------------------
DROP TABLE IF EXISTS `t_user_account_role`;
CREATE TABLE `t_user_account_role` (
  `USER_CODE` varchar(50) NOT NULL,
  `ROLE_CODE` varchar(50) NOT NULL,
  PRIMARY KEY (`USER_CODE`,`ROLE_CODE`),
  KEY `FKCB6E235C13193795` (`USER_CODE`),
  KEY `FKCB6E235CADA8BA65` (`ROLE_CODE`),
  CONSTRAINT `FKCB6E235C13193795` FOREIGN KEY (`USER_CODE`) REFERENCES `t_user_account` (`CODE`),
  CONSTRAINT `FKCB6E235CADA8BA65` FOREIGN KEY (`ROLE_CODE`) REFERENCES `t_user_role` (`CODE`)
) ENGINE=InnoDB DEFAULT CHARSET=utf8;

-- ----------------------------
-- Records of t_user_account_role
-- ----------------------------
INSERT INTO `t_user_account_role` VALUES ('1', '0i5bxflOEgM1bxTZ');

-- ----------------------------
-- Table structure for t_user_attr
-- ----------------------------
DROP TABLE IF EXISTS `t_user_attr`;
CREATE TABLE `t_user_attr` (
  `USER_ID` varchar(32) NOT NULL,
  `BIRTHDATE` varchar(20) DEFAULT NULL,
  `GENDER` varchar(2) DEFAULT NULL,
  `INTRODUCE` varchar(140) DEFAULT NULL,
  `LAYOUT_TYPE` varchar(2) DEFAULT NULL,
  PRIMARY KEY (`USER_ID`)
) ENGINE=InnoDB DEFAULT CHARSET=utf8;

-- ----------------------------
-- Records of t_user_attr
-- ----------------------------
INSERT INTO `t_user_attr` VALUES ('1', '1990-10-12', '1', '个人信息\r\n', null);
INSERT INTO `t_user_attr` VALUES ('1416898331759', '', '0', 'test@qq.com', null);

-- ----------------------------
-- Table structure for t_user_menu
-- ----------------------------
DROP TABLE IF EXISTS `t_user_menu`;
CREATE TABLE `t_user_menu` (
  `id` bigint(20) NOT NULL,
  `CHECKED` bit(1) DEFAULT NULL,
  `DETAIL` varchar(255) DEFAULT NULL,
  `ICON` varchar(255) DEFAULT NULL,
  `ISSHOW` varchar(255) DEFAULT NULL,
  `NAME` varchar(50) NOT NULL,
  `OPEN` bit(1) DEFAULT NULL,
  `SEQ` bigint(20) DEFAULT NULL,
  `MENUURL` varchar(255) DEFAULT NULL,
  `PID` bigint(20) DEFAULT NULL,
  `ISCOMMON` varchar(10) DEFAULT NULL,
  PRIMARY KEY (`id`),
  KEY `FKBC14895399A840C3` (`PID`),
  CONSTRAINT `FKBC14895399A840C3` FOREIGN KEY (`PID`) REFERENCES `t_user_menu` (`id`)
) ENGINE=InnoDB DEFAULT CHARSET=utf8;

-- ----------------------------
-- Records of t_user_menu
-- ----------------------------
INSERT INTO `t_user_menu` VALUES ('2', null, '系统管理', 'icon-wrench', '1', '系统管理', null, '2', '/#', null, null);
INSERT INTO `t_user_menu` VALUES ('3', null, '菜单管理', 'icon-list', '1', '菜单管理', null, '4', '/usermenu/page', '2', null);
INSERT INTO `t_user_menu` VALUES ('1403789662146', null, '菜单组管理', 'fa fa-list-alt', '1', '菜单组管理', null, '3', '/menugroup/page', '2', null);
INSERT INTO `t_user_menu` VALUES ('1403789807822', null, '角色管理', 'icon-users', '1', '角色管理', null, '2', '/userrole/page', '2', null);
INSERT INTO `t_user_menu` VALUES ('1403968688676', null, '组织管理', 'fa fa-group', '1', '组织机构管理', null, '5', '/org/page', '2', null);
INSERT INTO `t_user_menu` VALUES ('1403974160213', null, '用户管理', 'icon-user', '1', '用户管理', null, '1', '/useraccount/page', '2', null);
INSERT INTO `t_user_menu` VALUES ('1404189188306', null, '日志管理', 'fa fa-search', '1', '日志管理', null, '12', '/log/page', '2', null);
INSERT INTO `t_user_menu` VALUES ('1416562544007', null, '消息中心', 'icon-envelope', '1', '消息中心', null, '6', '/inbox/page', '2', null);
INSERT INTO `t_user_menu` VALUES ('1418660893579', null, '个人中心', 'icon-home', '1', '个人中心', null, '8', '/center', '2', null);
INSERT INTO `t_user_menu` VALUES ('1418661704587', null, '主页', 'icon-home', '1', '主页', null, '1', '/mainpage', null, null);
INSERT INTO `t_user_menu` VALUES ('1448175100462', null, null, 'icon-list', '1', 'CMS', null, '3', '/#', null, null);
INSERT INTO `t_user_menu` VALUES ('1448175172045', null, null, 'fa fa-list', '1', '站点管理', null, '1', '/cms/site/page', '1448175100462', null);
INSERT INTO `t_user_menu` VALUES ('1448190698855', null, null, 'fa fa-list', '1', '模板管理', null, '2', '/cms/template/page', '1448175100462', null);
INSERT INTO `t_user_menu` VALUES ('1448376606771', null, null, 'fa fa-list', '1', '频道管理', null, '3', '/cms/channel/page', '1448175100462', null);
INSERT INTO `t_user_menu` VALUES ('1448791725549', null, null, 'fa fa-list', '1', '内容管理', null, '4', '/cms/content/page', '1448175100462', null);

-- ----------------------------
-- Table structure for t_user_role
-- ----------------------------
DROP TABLE IF EXISTS `t_user_role`;
CREATE TABLE `t_user_role` (
  `CODE` varchar(50) NOT NULL,
  `DETAIL` varchar(255) DEFAULT NULL,
  `enabled` bit(1) NOT NULL,
  `HOMEPAGE` varchar(255) DEFAULT NULL,
  `NAME` varchar(50) NOT NULL,
  `SEQ` bigint(20) DEFAULT NULL,
  PRIMARY KEY (`CODE`),
  UNIQUE KEY `roleName` (`NAME`) USING BTREE
) ENGINE=InnoDB DEFAULT CHARSET=utf8;

-- ----------------------------
-- Records of t_user_role
-- ----------------------------
INSERT INTO `t_user_role` VALUES ('0i5bxflOEgM1bxTZ', '', '', '/mainpage', '平台管理员', '3');
INSERT INTO `t_user_role` VALUES ('IZkutVrujAZADB3z', '', '', '/mainpage', '测试', null);

-- ----------------------------
-- Table structure for t_user_role_menu_group
-- ----------------------------
DROP TABLE IF EXISTS `t_user_role_menu_group`;
CREATE TABLE `t_user_role_menu_group` (
  `ROLE_CODE` varchar(50) NOT NULL,
  `MENU_GROUP_ID` bigint(20) NOT NULL,
  PRIMARY KEY (`ROLE_CODE`,`MENU_GROUP_ID`),
  KEY `FK9F70674ADA8BA65` (`ROLE_CODE`),
  KEY `FK9F7067485E8986D` (`MENU_GROUP_ID`),
  CONSTRAINT `FK9F7067485E8986D` FOREIGN KEY (`MENU_GROUP_ID`) REFERENCES `t_menu_group` (`id`),
  CONSTRAINT `FK9F70674ADA8BA65` FOREIGN KEY (`ROLE_CODE`) REFERENCES `t_user_role` (`CODE`)
) ENGINE=InnoDB DEFAULT CHARSET=utf8;

-- ----------------------------
-- Records of t_user_role_menu_group
-- ----------------------------
INSERT INTO `t_user_role_menu_group` VALUES ('0i5bxflOEgM1bxTZ', '1');
INSERT INTO `t_user_role_menu_group` VALUES ('IZkutVrujAZADB3z', '1411964784068');
INSERT INTO `t_user_role_menu_group` VALUES ('0i5bxflOEgM1bxTZ', '1432870064461');
